<?xml version="1.0" encoding="UTF-8"?>
<!--~~~~~~~~~~~~~~~~~~~~~~~~~~~~~~~~~~~~~~~~~~~~~~~~~~~~~~~~~~~~~~~~~~~~~~~~~~~~
  ~ Copyright 2017 Adobe
  ~
  ~ Licensed under the Apache License, Version 2.0 (the "License");
  ~ you may not use this file except in compliance with the License.
  ~ You may obtain a copy of the License at
  ~
  ~     http://www.apache.org/licenses/LICENSE-2.0
  ~
  ~ Unless required by applicable law or agreed to in writing, software
  ~ distributed under the License is distributed on an "AS IS" BASIS,
  ~ WITHOUT WARRANTIES OR CONDITIONS OF ANY KIND, either express or implied.
  ~ See the License for the specific language governing permissions and
  ~ limitations under the License.
  ~~~~~~~~~~~~~~~~~~~~~~~~~~~~~~~~~~~~~~~~~~~~~~~~~~~~~~~~~~~~~~~~~~~~~~~~~~~-->
<jcr:root xmlns:sling="http://sling.apache.org/jcr/sling/1.0" xmlns:jcr="http://www.jcp.org/jcr/1.0"
          xmlns:nt="http://www.jcp.org/jcr/nt/1.0" xmlns:cq="http://www.day.com/jcr/cq/1.0"
          xmlns:granite="http://www.adobe.com/jcr/granite/1.0"
    jcr:primaryType="nt:unstructured"
    jcr:title="Image"
    sling:resourceType="cq/gui/components/authoring/dialog"
    extraClientlibs="[core.wcm.components.image.v2.editor]"
    helpPath="https://www.adobe.com/go/aem_cmp_image_v2"
    trackingFeature="core-components:image:v2">
    <content
        jcr:primaryType="nt:unstructured"
        sling:resourceType="granite/ui/components/coral/foundation/container"
        granite:class="cmp-image__editor">
        <items jcr:primaryType="nt:unstructured">
            <tabs
                jcr:primaryType="nt:unstructured"
                sling:resourceType="granite/ui/components/coral/foundation/tabs"
                maximized="{Boolean}true">
                <items jcr:primaryType="nt:unstructured">
                    <asset
                        jcr:primaryType="nt:unstructured"
                        jcr:title="Asset"
                        sling:resourceType="granite/ui/components/coral/foundation/container"
                        margin="{Boolean}true">
                        <items jcr:primaryType="nt:unstructured">
                            <columns
                                jcr:primaryType="nt:unstructured"
                                sling:resourceType="granite/ui/components/coral/foundation/fixedcolumns"
                                margin="{Boolean}true">
                                <items jcr:primaryType="nt:unstructured">
                                    <column
                                        jcr:primaryType="nt:unstructured"
                                        sling:resourceType="granite/ui/components/coral/foundation/container">
                                        <items jcr:primaryType="nt:unstructured">
                                            <file
                                                jcr:primaryType="nt:unstructured"
                                                sling:resourceType="cq/gui/components/authoring/dialog/fileupload"
                                                autoStart="{Boolean}false"
                                                class="cq-droptarget"
                                                fileNameParameter="./fileName"
                                                fileReferenceParameter="./fileReference"
                                                mimeTypes="[image/gif,image/jpeg,image/png,image/tiff,image/svg+xml]"
                                                multiple="{Boolean}false"
                                                name="./file"
                                                title="Upload Image Asset"
                                                uploadUrl="${suffix.path}"
                                                useHTML5="{Boolean}true"/>
                                        </items>
                                    </column>
                                </items>
                            </columns>
                        </items>
                    </asset>
                    <metadata
                        jcr:primaryType="nt:unstructured"
                        jcr:title="Metadata"
                        sling:resourceType="granite/ui/components/coral/foundation/container"
                        margin="{Boolean}true">
                        <items jcr:primaryType="nt:unstructured">
                            <columns
                                jcr:primaryType="nt:unstructured"
                                sling:resourceType="granite/ui/components/coral/foundation/fixedcolumns"
                                margin="{Boolean}true">
                                <items jcr:primaryType="nt:unstructured">
                                    <column
                                        jcr:primaryType="nt:unstructured"
                                        sling:resourceType="granite/ui/components/coral/foundation/container">
                                        <items jcr:primaryType="nt:unstructured">
                                            <decorative
                                                jcr:primaryType="nt:unstructured"
                                                sling:resourceType="granite/ui/components/coral/foundation/form/checkbox"
                                                checked="${not empty cqDesign.isDecorative ? cqDesign.isDecorative : false}"
                                                fieldDescription="Check if the image should be ignored by assistive technology and therefore does not require an alternative text. This applies to decorative images only."
                                                name="./isDecorative"
                                                text="Image is decorative"
                                                uncheckedValue="false"
                                                value="{Boolean}true"/>
                                            <alternativeGroup
                                                jcr:primaryType="nt:unstructured"
                                                sling:resourceType="granite/ui/components/coral/foundation/well"
                                                granite:class="cmp-image__editor-alt">
                                                <items jcr:primaryType="nt:unstructured">
                                                    <alt
                                                        jcr:primaryType="nt:unstructured"
                                                        sling:resourceType="granite/ui/components/coral/foundation/form/textfield"
                                                        fieldDescription="Textual alternative of the meaning or function of the image, for visually impaired readers."
                                                        fieldLabel="Alternative Text"
                                                        name="./alt"
                                                        required="{Boolean}true"/>
                                                    <altValueFromDAM
                                                        jcr:primaryType="nt:unstructured"
                                                        sling:resourceType="granite/ui/components/coral/foundation/form/checkbox"
                                                        checked="${not empty cqDesign.altValueFromDAM ? cqDesign.altValueFromDAM : true}"
                                                        fieldDescription="When checked, populate the image's alt attribute with the value of the dc:description metadata in DAM."
                                                        name="./altValueFromDAM"
                                                        text="Get alternative text from DAM"
                                                        uncheckedValue="false"
                                                        value="{Boolean}true"/>
                                                </items>
                                            </alternativeGroup>
                                            <captionGroup
                                                jcr:primaryType="nt:unstructured"
                                                sling:resourceType="granite/ui/components/coral/foundation/well">
                                                <items jcr:primaryType="nt:unstructured">
                                                    <caption
                                                        jcr:primaryType="nt:unstructured"
                                                        sling:resourceType="granite/ui/components/coral/foundation/form/textfield"
                                                        fieldDescription="Additional information about the image."
                                                        fieldLabel="Caption"
                                                        name="./jcr:title"/>
                                                    <titleValueFromDAM
                                                        jcr:primaryType="nt:unstructured"
                                                        sling:resourceType="granite/ui/components/coral/foundation/form/checkbox"
                                                        checked="${not empty cqDesign.titleValueFromDAM ? cqDesign.titleValueFromDAM : true}"
                                                        fieldDescription="When checked, populate the image's caption with the value of the dc:title metadata in DAM."
                                                        name="./titleValueFromDAM"
                                                        text="Get caption from DAM"
                                                        uncheckedValue="false"
                                                        value="{Boolean}true"/>
                                                    <displayPopupTitle
                                                        jcr:primaryType="nt:unstructured"
                                                        sling:resourceType="granite/ui/components/coral/foundation/form/checkbox"
                                                        checked="${not empty cqDesign.displayPopupTitle ? cqDesign.displayPopupTitle : true}"
                                                        fieldDescription="When checked, the caption won't be displayed below the image, but as a pop-up displayed by some browsers when hovering over the image."
                                                        name="./displayPopupTitle"
                                                        text="Display caption as pop-up"
                                                        uncheckedValue="false"
                                                        value="{Boolean}true"/>
                                                </items>
                                            </captionGroup>
                                            <linkURL
                                                jcr:primaryType="nt:unstructured"
                                                sling:resourceType="granite/ui/components/coral/foundation/form/pathfield"
                                                fieldDescription="Make the image a link to another resource."
                                                fieldLabel="Link"
                                                name="./linkURL"
                                                rootPath="/content"
                                                wrapperClass="cmp-image__editor-link"/>
                                        </items>
                                    </column>
                                </items>
                            </columns>
                        </items>
                    </metadata>
                </items>
            </tabs>
        </items>
    </content>
</jcr:root>
